{"generatedAt": "2026-06-22T13:31:33.973527+00:00", "elo": {"Scotland": 1840.6638037956684, "England": 2109.854442662219, "Wales": 1742.839842653572, "Northern Ireland": 1657.1170180108263, "United States": 1932.9127608267374, "Canada": 1881.2694794911365, "Uruguay": 1914.9506002521891, "Argentina": 2184.9879504368987, "Austria": 1914.7482992725627, "Hungary": 1765.9639605103882, "Czechoslovakia": 1791.7006457973516, "Belgium": 1926.3197775023832, "France": 2130.957251630691, "Switzerland": 1942.055502317598, "Guernsey": 1744.718645014066, "Alderney": 1079.5216835566234, "Jersey": 1803.430063347877, "Netherlands": 2033.0206878770005, "Guyana": 1478.2107336196682, "Trinidad and Tobago": 1524.321830112325, "South Africa": 1654.3582783382544, "Germany": 2032.2513716067126, "Sweden": 1791.436168561003, "Norway": 1988.2834059923853, "Denmark": 1917.4644030768818, "Italy": 1920.454300002343, "Chile": 1785.58697708183, "Russia": 1836.5224879469363, "Finland": 1589.7348155670634, "Luxembourg": 1461.7765507992094, "Catalonia": 1669.6007665301345, "Philippines": 1343.852427252862, "China": 1559.93066318607, "Brazil": 2053.10223300358, "Basque Country": 1803.90149202233, "Japan": 2016.0817310325513, "Paraguay": 1881.1592973561444, "Romania": 1692.798874672527, "Greece": 1796.5390991146467, "Yugoslavia": 1858.592498633358, "Spain": 2182.7712431348923, "Egypt": 1832.138490350003, "Estonia": 1426.1547618311188, "Suriname": 1579.5528330839963, "Provence": 1465.0458887743791, "Costa Rica": 1722.6726657015236, "El Salvador": 1489.0950356831306, "Guatemala": 1625.5052811229336, "Poland": 1766.7985787553673, "Portugal": 2010.8550049709338, "Brittany": 1507.2594242729579, "New Zealand": 1695.4713028145625, "Australia": 1906.3322217421878, "Latvia": 1335.8442236065657, "Galicia": 1531.928905743014, "Central Spain": 1494.7149754763902, "Mexico": 1974.6096710369625, "Andalusia": 1602.2626531849958, "Asturias": 1519.1741326306253, "Lithuania": 1335.866514614506, "Turkey": 1871.5074708978761, "Aruba": 1221.0211660117172, "Cura\u00e7ao": 1609.7840896253406, "Bulgaria": 1533.5640826549604, "Republic of Ireland": 1756.1402987178874, "Haiti": 1658.2312454954126, "Jamaica": 1646.4689941287443, "Kenya": 1468.2043358659892, "Uganda": 1520.1728917531873, "Bolivia": 1702.0987272180041, "Peru": 1753.265376044648, "Honduras": 1679.612602843409, "Belarus": 1572.4864950025105, "Ukraine": 1817.1042620135283, "Barbados": 1136.8447012003176, "Nicaragua": 1494.8440186653506, "Cuba": 1416.3812432188834, "Martinique": 1475.7463116747151, "Dominica": 1173.4612338821123, "Silesia": 1514.4716556206179, "Guadeloupe": 1520.254692447334, "Israel": 1682.2920071209608, "Indonesia": 1514.817706873511, "French Guiana": 1436.20621309193, "Saint Lucia": 1225.5171075091434, "Colombia": 2061.2480937002615, "Panama": 1771.2597817056403, "Venezuela": 1805.2760203893938, "Ecuador": 1934.935111832251, "Saint Kitts and Nevis": 1277.74498937242, "Grenada": 1289.1677661534463, "India": 1267.460854402508, "Slovakia": 1721.571870891661, "Manchukuo": 1432.1830372201537, "Croatia": 1928.6103749763247, "Lebanon": 1445.2330579798543, "Puerto Rico": 1363.9159302898938, "Afghanistan": 1179.6536363980972, "Iran": 1878.6658792517244, "Mongolia": 1008.5875387080014, "Tanzania": 1401.7342692656732, "Zimbabwe": 1463.4951448439508, "Zambia": 1536.1444380048056, "Iceland": 1616.994857080819, "Albania": 1671.0422416441322, "Montenegro": 1515.3535862006868, "Madagascar": 1511.3469007402305, "Mauritius": 1226.2076529155236, "R\u00e9union": 1582.5565614862032, "Zanzibar": 1535.333893216766, "Djibouti": 1070.8314628928692, "Ethiopia": 1390.70092452533, "DR Congo": 1762.7752659346263, "South Korea": 1884.1380091194615, "Vietnam": 1492.0725963645336, "Macau": 870.8453622231656, "Dominican Republic": 1471.9025399057202, "Cyprus": 1376.0974946272793, "Sierra Leone": 1460.3814942020044, "Nigeria": 1835.363964017199, "Syria": 1575.3050436441283, "Serbia": 1792.4916684516104, "Taiwan": 1084.5747619146182, "Ghana": 1682.865611080602, "Myanmar": 1148.3267337213674, "New Caledonia": 1594.3449071120633, "Vanuatu": 1439.9892935622506, "Fiji": 1416.101449347181, "Pakistan": 1122.7886226375538, "Sri Lanka": 1018.4653346746948, "German DR": 1719.4828404905809, "Tahiti": 1509.403269914249, "Gambia": 1522.4806030549964, "Hong Kong": 1332.7685156330265, "Singapore": 1297.6109869550223, "Malaysia": 1493.0973162066482, "Guinea-Bissau": 1369.4140076179376, "Saarland": 1451.8785809658186, "Burundi": 1383.6746723382657, "Cameroon": 1710.7301488525197, "Kernow": 1598.3271651154673, "Cambodia": 1096.8899503855982, "Thailand": 1542.917084430024, "Vietnam Republic": 1375.5770392635402, "Kyrgyzstan": 1462.9089097070853, "Moldova": 1329.0889637371224, "North Vietnam": 1485.6653088886712, "Togo": 1491.0849022974367, "North Korea": 1492.6681117984067, "Sudan": 1462.7572356508917, "Malta": 1359.1225679432548, "Tunisia": 1683.2785447879896, "Libya": 1534.9882859956251, "Malawi": 1433.8545001504858, "Morocco": 2008.4031341798086, "Benin": 1531.1553915343861, "Cape Verde": 1694.1717428763536, "Ivory Coast": 1834.583226092001, "Burkina Faso": 1653.9767684097567, "Gabon": 1541.2509590203558, "Congo": 1334.1058939595632, "Mali": 1703.8106686379977, "Central African Republic": 1353.042760301795, "Iraq": 1709.036224558707, "Saint Vincent and the Grenadines": 1345.4781691137148, "Senegal": 1872.8962699128813, "Laos": 955.8546632677234, "Mauritania": 1445.3369256356225, "Liberia": 1439.2761672572778, "Chad": 1242.3335797590507, "Niger": 1480.9590646975344, "Guinea": 1559.773265361578, "Algeria": 1862.8689952092573, "Kuwait": 1473.7486813497237, "Jordan": 1730.4202076602492, "Papua New Guinea": 1454.223100900343, "Solomon Islands": 1370.0285721460411, "Somalia": 1054.275369239588, "Saudi Arabia": 1704.8530348492745, "Bermuda": 1344.7601787697101, "Palestine": 1572.85567727713, "Yemen": 1303.601631289208, "Bahrain": 1535.5442391340803, "Oman": 1580.2156508326814, "Wallis Islands and Futuna": 1293.7126862425005, "Corsica": 1562.6970641825205, "Western Australia": 1401.2740086639408, "Eswatini": 1314.3499869621496, "Botswana": 1395.9696463400792, "Qatar": 1574.3786369429536, "Lesotho": 1409.0709614392383, "Bahamas": 974.6189124033169, "Brunei": 917.1556248693823, "Cook Islands": 1142.0642538090378, "Yemen DPR": 1358.4641524267138, "United Arab Emirates": 1666.7159235132817, "Faroe Islands": 1441.9555099055056, "Nepal": 1121.818806271006, "Antigua and Barbuda": 1144.7957732457141, "Bangladesh": 1142.301032160418, "Seychelles": 1012.9305300839621, "Equatorial Guinea": 1441.6486433957034, "Mozambique": 1486.4112897668826, "Guam": 992.8950067586894, "Angola": 1573.118494364364, "S\u00e3o Tom\u00e9 and Pr\u00edncipe": 1183.9798232053827, "Rwanda": 1453.5841305195345, "Northern Cyprus": 1694.0666193610202, "Armenia": 1429.029964421189, "Georgia": 1707.9199144310817, "Azerbaijan": 1394.8137146402069, "Kazakhstan": 1503.3272078674563, "Comoros": 1465.9554455748512, "Maldives": 1022.8894389655427, "Tonga": 1089.4945958338992, "Kiribati": 1227.8290726396278, "Tuvalu": 1216.2830661158087, "Samoa": 1246.0401529053656, "Greenland": 1462.7247766490293, "Liechtenstein": 981.7716680973501, "Bhutan": 870.9166296888603, "South Yemen": 1467.7133777262986, "Niue": 1426.8743471381256, "American Samoa": 941.1557457853656, "Belize": 1289.4800870936297, "Cayman Islands": 1061.6622910762583, "Anguilla": 926.1185869294, "British Virgin Islands": 1048.6020760530375, "Palau": 1423.0331057002827, "Sint Maarten": 1296.2409095034488, "Namibia": 1422.1860440469754, "Ynys M\u00f4n": 1642.3044592365109, "Shetland": 1501.7772994334289, "\u00c5land Islands": 1473.8597546562976, "Saint Martin": 1296.0873382827162, "San Marino": 920.8864319249642, "Montserrat": 1233.760523005342, "Slovenia": 1730.2328751382156, "Isle of Wight": 1663.2244258926296, "Turkmenistan": 1394.1894659118877, "Tajikistan": 1429.4765520160074, "Uzbekistan": 1794.9164552460168, "Eritrea": 1196.1578280110493, "Gibraltar": 1147.5626191017273,